Subject,Epoch,State,Mean_log10_power,N_Windows,Slope_log10_power_per_second
sub-01,sub-01_10_0,Focus,-12.025253535383179,8,0.021382765157014837
sub-01,sub-01_10_1,Focus,-11.988995783430461,8,0.0805300964016761
sub-01,sub-01_10_10,MW,-11.873617207285386,8,-0.01815792018998733
sub-01,sub-01_10_11,Focus,-11.936212616208152,8,-0.09959833613910565
sub-01,sub-01_10_12,MW,-11.754293794004045,8,-0.04949576362731002
sub-01,sub-01_10_13,Focus,-11.942791544391987,8,0.034012325974360276
sub-01,sub-01_10_14,MW,-11.80760867583966,8,-0.0032991625588321234
sub-01,sub-01_10_15,Focus,-11.989288662898776,8,-0.10946376091018573
sub-01,sub-01_10_16,MW,-11.907506283876998,8,0.09745961735651158
sub-01,sub-01_10_17,Focus,-12.044982093822071,8,0.07460358653584417
sub-01,sub-01_10_18,MW,-12.032047032127672,8,-0.047280025466702104
sub-01,sub-01_10_19,Focus,-11.558747243836097,8,0.18288788633848532
sub-01,sub-01_10_2,Focus,-11.959217898529085,8,0.051218103563879055
sub-01,sub-01_10_20,Focus,-12.085605677912353,8,-0.04791287102560279
sub-01,sub-01_10_21,MW,-11.961569375335138,8,-0.011042861943341942
sub-01,sub-01_10_22,Focus,-12.001868553544307,8,-0.004570924707000665
sub-01,sub-01_10_23,MW,-11.98181297096461,8,0.0005782383614701522
sub-01,sub-01_10_24,Focus,-12.087984408639873,8,0.03809292259379019
sub-01,sub-01_10_25,MW,-11.90788407311807,8,-0.19365930762894631
sub-01,sub-01_10_26,Focus,-12.014861922838858,8,0.005281143333370163
sub-01,sub-01_10_27,MW,-11.974498321226754,8,-0.1438521584602377
sub-01,sub-01_10_28,Focus,-11.844159010807699,8,-0.05583613384386944
sub-01,sub-01_10_29,MW,-11.846611165546777,8,0.023321794523841203
sub-01,sub-01_10_3,Focus,-12.035845694038496,8,0.02758098542238408
sub-01,sub-01_10_30,Focus,-12.153759288970068,8,-0.06925134905023902
sub-01,sub-01_10_31,MW,-12.068069422071568,8,0.008256268885504448
sub-01,sub-01_10_32,Focus,-11.968431911619113,8,-0.07758183798218869
sub-01,sub-01_10_33,MW,-11.918538930441638,8,0.033919021338037474
sub-01,sub-01_10_34,Focus,-11.904714523722735,8,0.04472418173761542
sub-01,sub-01_10_35,MW,-11.984386745204542,8,-0.06196650719887134
sub-01,sub-01_10_36,Focus,-11.953075596956943,8,-0.002535446287054861
sub-01,sub-01_10_37,MW,-11.993939740028019,8,-0.05237306306338075
sub-01,sub-01_10_38,Focus,-12.030604860958258,8,0.022084568209459594
sub-01,sub-01_10_39,MW,-11.941029894909207,8,-0.0048088438237214575
sub-01,sub-01_10_4,MW,-11.962338078106056,8,-0.12567261108339223
sub-01,sub-01_10_40,Focus,-11.980925489084129,8,-0.07657282469068889
sub-01,sub-01_10_41,MW,-11.9925819797763,8,0.028150747790094924
sub-01,sub-01_10_42,Focus,-12.001304788544937,8,-0.04005742339615668
sub-01,sub-01_10_43,MW,-12.017133184782491,8,0.01000523910148928
sub-01,sub-01_10_44,Focus,-11.935201357272145,8,-0.006133193483442809
sub-01,sub-01_10_45,MW,-11.78546629113792,8,0.25649844526675336
sub-01,sub-01_10_46,Focus,-11.958374107137992,8,-0.17323220050432964
sub-01,sub-01_10_47,MW,-11.784697218855118,8,0.11939643210006257
sub-01,sub-01_10_48,Focus,-11.855679340341306,8,-0.0314514088093832
sub-01,sub-01_10_49,MW,-11.96942974239003,8,-0.04597929915901113
sub-01,sub-01_10_5,Focus,-12.010315751750536,8,0.022408326774623958
sub-01,sub-01_10_50,Focus,-12.023609709435663,8,0.08894843802593552
sub-01,sub-01_10_51,MW,-11.972797484760425,8,-0.01586334047851653
sub-01,sub-01_10_52,Focus,-11.970346801036829,8,0.03247521719810378
sub-01,sub-01_10_53,MW,-11.766172253561136,8,0.04475933708516041
sub-01,sub-01_10_54,Focus,-11.949730777839203,8,0.05327508287678069
sub-01,sub-01_10_55,MW,-11.859510722243447,8,0.03926459052807869
sub-01,sub-01_10_56,Focus,-12.138180081560453,8,-0.007088884002681785
sub-01,sub-01_10_57,MW,-12.049415466767877,8,-0.06048307389538806
sub-01,sub-01_10_58,Focus,-12.138632557755349,8,0.009505673423331328
sub-01,sub-01_10_59,MW,-11.984210052941844,8,0.017620583128675437
sub-01,sub-01_10_6,MW,-11.994849912972185,8,0.02604161276078233
sub-01,sub-01_10_60,Focus,-11.985739589419206,8,-0.00237592840792058
sub-01,sub-01_10_61,MW,-11.959272538505257,8,-0.028282347580231598
sub-01,sub-01_10_62,Focus,-11.277895821886817,8,-0.2421592961302912
sub-01,sub-01_10_7,Focus,-11.996609447310558,8,0.017357944158370754
sub-01,sub-01_10_8,MW,-11.862004352884231,8,0.06614112473217693
sub-01,sub-01_10_9,Focus,-12.002576364849656,8,-0.03892686549350509
sub-01,sub-01_11_0,Focus,-11.919764644021164,8,-0.11572226961115202
sub-01,sub-01_11_1,Focus,-11.899633472858525,8,-0.19511359100796533
sub-01,sub-01_11_10,Focus,-11.891334393905009,8,-0.02774228030698169
sub-01,sub-01_11_11,MW,-11.968064952141397,8,-0.0378252108655426
sub-01,sub-01_11_12,Focus,-12.002020563073739,8,0.01008352114472843
sub-01,sub-01_11_13,MW,-11.66307966710394,8,0.14574246396117332
sub-01,sub-01_11_14,Focus,-11.751850720678014,8,-0.03931796633491584
sub-01,sub-01_11_15,MW,-11.847844349040729,8,-0.08680396614381444
sub-01,sub-01_11_16,Focus,-11.927506315023578,8,0.058513283937833595
sub-01,sub-01_11_17,Focus,-12.019588222330938,8,-0.14457442361062126
sub-01,sub-01_11_18,MW,-11.721157523047214,8,-0.06165072027033639
sub-01,sub-01_11_19,Focus,-11.87150705966915,8,0.17728916114201027
sub-01,sub-01_11_2,Focus,-12.03511647307214,8,0.03706888734423941
sub-01,sub-01_11_20,Focus,-11.997465315902613,8,-0.036103786714538094
sub-01,sub-01_11_21,MW,-11.858809242631217,8,-0.10350412762040558
sub-01,sub-01_11_22,Focus,-11.800628703250396,8,0.11372115246330994
sub-01,sub-01_11_23,MW,-11.583250264503565,8,-0.15370910391430667
sub-01,sub-01_11_24,Focus,-11.875463224777466,8,-0.11023791069959403
sub-01,sub-01_11_25,MW,-11.808456067422718,8,0.09819970729639932
sub-01,sub-01_11_26,Focus,-11.971492328892953,8,-0.1171639846850538
sub-01,sub-01_11_27,MW,-11.815214976716518,8,-0.08462167563582772
sub-01,sub-01_11_28,Focus,-11.86336077018406,8,0.03558357254867206
sub-01,sub-01_11_29,MW,-11.611200186348391,8,0.0396455852229901
sub-01,sub-01_11_3,MW,-11.859755336387337,8,-0.11915512211666185
sub-01,sub-01_11_30,Focus,-12.057546469972706,8,-0.08221314517647908
sub-01,sub-01_11_31,MW,-11.849758280690708,8,0.1510733563858816
sub-01,sub-01_11_32,Focus,-11.779095511144021,8,0.10535482995278712
sub-01,sub-01_11_33,MW,-11.720873729834537,8,-0.28547235922578146
sub-01,sub-01_11_34,Focus,-11.89076772749834,8,0.021564660160703637
sub-01,sub-01_11_35,MW,-11.80882011243633,8,-0.14738773227972712
sub-01,sub-01_11_36,Focus,-11.726372183160672,8,0.24724999677331108
sub-01,sub-01_11_37,MW,-11.794514998069554,8,-0.08579310672372865
sub-01,sub-01_11_38,Focus,-11.889706203389762,8,0.01440775325854086
sub-01,sub-01_11_39,MW,-11.758622028889352,8,0.05335143441053147
sub-01,sub-01_11_4,Focus,-11.801785564596468,8,-0.07630933480475534
sub-01,sub-01_11_40,Focus,-11.942805906333682,8,0.0405288711019607
sub-01,sub-01_11_41,MW,-11.965824212810105,8,-0.010502700497752602
sub-01,sub-01_11_42,Focus,-11.893910299976017,8,0.0953570831800091
sub-01,sub-01_11_43,MW,-11.791404231355443,8,0.0061726242654832975
sub-01,sub-01_11_44,Focus,-11.94716359604173,8,-0.10690119483020792
sub-01,sub-01_11_45,MW,-12.01130654003521,8,-0.11337215529102773
sub-01,sub-01_11_46,Focus,-12.04215817068722,8,0.042451378859887326
sub-01,sub-01_11_47,MW,-11.832613131626285,8,0.04142036815522226
sub-01,sub-01_11_48,Focus,-11.929752513641485,8,0.10465769355614903
sub-01,sub-01_11_49,MW,-11.850942730594443,8,0.10603932690027167
sub-01,sub-01_11_5,MW,-12.036828655135466,8,-0.013636310909424649
sub-01,sub-01_11_50,Focus,-12.00527132787565,8,0.08373850240975535
sub-01,sub-01_11_51,MW,-12.035046100962017,8,0.010156948171718359
sub-01,sub-01_11_52,Focus,-12.046453254108844,8,0.03754770863412738
sub-01,sub-01_11_53,MW,-11.827068967720813,8,0.07070496370038289
sub-01,sub-01_11_54,MW,-11.627205978871297,8,-0.1202734382120759
sub-01,sub-01_11_55,Focus,-11.910205271105399,8,-0.027725126538909756
sub-01,sub-01_11_56,MW,-11.699093608017197,8,-0.10371886912302518
sub-01,sub-01_11_57,Focus,-11.954054786765095,8,-0.17546799500446517
sub-01,sub-01_11_58,MW,-11.783804684098117,8,0.016692790913831728
sub-01,sub-01_11_59,Focus,-11.681652405389787,8,0.2294727822814078
sub-01,sub-01_11_6,Focus,-11.562679591996552,8,0.26598217748123193
sub-01,sub-01_11_60,MW,-11.711209203946476,8,-0.04369064437914266
sub-01,sub-01_11_61,Focus,-11.902144884517531,8,-0.030232356331430107
sub-01,sub-01_11_62,MW,-11.693059441069932,8,-0.010343430340721873
sub-01,sub-01_11_63,Focus,-11.724151817833883,8,0.02431511505837538
sub-01,sub-01_11_64,MW,-11.60954991464434,8,-0.05276135330689378
sub-01,sub-01_11_65,Focus,-11.914313114020587,8,0.05961484282792471
sub-01,sub-01_11_66,MW,-11.756384309273063,8,0.06273339753093414
sub-01,sub-01_11_67,Focus,-11.967341307656884,8,0.014110833742484582
sub-01,sub-01_11_68,MW,-11.630334792468632,8,0.13153877699444216
sub-01,sub-01_11_69,Focus,-11.970322745099958,8,0.13749572025378415
sub-01,sub-01_11_7,MW,-11.836801963997537,8,-0.04195993169830506
sub-01,sub-01_11_70,MW,-11.773575472643945,8,-0.08112076349566917
sub-01,sub-01_11_71,Focus,-11.905999121884228,8,-0.17013529729363822
sub-01,sub-01_11_72,MW,-11.735855283613072,8,0.026524884039043656
sub-01,sub-01_11_73,MW,-11.741999350328985,8,-0.2357826742736324
sub-01,sub-01_11_74,Focus,-11.710448536420888,8,0.3285313909930348
sub-01,sub-01_11_75,MW,-11.741076865867559,8,0.20773095740875241
sub-01,sub-01_11_76,Focus,-12.038667547096361,8,-0.07244452941854118
sub-01,sub-01_11_77,Focus,-11.496777770871883,8,0.01593859835167417
sub-01,sub-01_11_8,Focus,-11.714115373518023,8,-0.03077497273370505
sub-01,sub-01_11_9,MW,-11.991355556150115,8,0.006075653051574458
sub-01,sub-01_1_0,Focus,-11.966371322804907,8,-0.022479804003152862
sub-01,sub-01_1_1,Focus,-11.966306709267453,8,-0.050553650735782656
sub-01,sub-01_1_10,Focus,-11.859061279619578,8,-0.11333157697232724
sub-01,sub-01_1_11,MW,-11.940692713935531,8,0.0105752022452142
sub-01,sub-01_1_12,Focus,-11.913152682137868,8,0.08112892452326735
sub-01,sub-01_1_13,MW,-11.839345298158552,8,-0.056522572866146176
sub-01,sub-01_1_14,Focus,-11.821973485030012,8,-0.017461656170003198
sub-01,sub-01_1_15,MW,-11.7653124421843,8,0.011014935349571035
sub-01,sub-01_1_16,Focus,-11.902067390694674,8,-0.03299789198600399
sub-01,sub-01_1_17,MW,-11.993651310774109,8,0.006729248354876491
sub-01,sub-01_1_18,Focus,-11.901701300914612,8,0.04789873303048538
sub-01,sub-01_1_19,MW,-11.68561809533222,8,0.07910558697844759
sub-01,sub-01_1_2,Focus,-11.99859874309525,8,-0.015245508883867045
sub-01,sub-01_1_20,Focus,-11.901687607919508,8,-0.042853947830053196
sub-01,sub-01_1_21,MW,-12.033573692835326,8,0.007670749498734312
sub-01,sub-01_1_22,Focus,-11.82320912432016,8,0.038005993588808226
sub-01,sub-01_1_23,MW,-11.790386363762721,8,-0.036391859732151054
sub-01,sub-01_1_24,Focus,-11.927121048317982,8,-0.022733705166709788
sub-01,sub-01_1_25,MW,-11.633977747688853,8,-0.01929876818037763
sub-01,sub-01_1_26,Focus,-11.895070318907479,8,-0.03526447412793599
sub-01,sub-01_1_27,MW,-11.707913404921644,8,-0.16749467774562418
sub-01,sub-01_1_28,Focus,-11.936120034409154,8,0.06716752710771123
sub-01,sub-01_1_29,MW,-11.611680161373759,8,-0.06401534984609503
sub-01,sub-01_1_3,MW,-11.879659901151266,8,-0.007800732313065255
sub-01,sub-01_1_30,Focus,-11.996431091764345,8,0.024298311339871016
sub-01,sub-01_1_31,MW,-11.73434094407629,8,0.00478088915236985
sub-01,sub-01_1_32,Focus,-11.798505125058528,8,-0.0882868502192532
sub-01,sub-01_1_33,MW,-11.952782984504413,8,0.07644218940888231
sub-01,sub-01_1_34,Focus,-11.96057752456683,8,0.012037921697568255
sub-01,sub-01_1_35,MW,-11.53094464172582,8,0.13383850001113864
sub-01,sub-01_1_36,Focus,-11.81630424699076,8,-0.0020996100532674404
sub-01,sub-01_1_37,MW,-11.757416374914154,8,0.15236230948942947
sub-01,sub-01_1_38,Focus,-11.888018703581292,8,-0.11163885003149829
sub-01,sub-01_1_39,MW,-11.654511912193808,8,0.01714874239638856
sub-01,sub-01_1_4,Focus,-11.926608623193163,8,-0.0005327795652925021
sub-01,sub-01_1_40,Focus,-11.85951520194724,8,-0.011587716341170817
sub-01,sub-01_1_41,MW,-11.665204622277226,8,0.012930242504499312
sub-01,sub-01_1_42,Focus,-11.862556818732642,8,0.011896754156956959
sub-01,sub-01_1_43,MW,-11.71383539105795,8,-0.003315037837780322
sub-01,sub-01_1_44,Focus,-11.991592682979274,8,0.08245216526023601
sub-01,sub-01_1_45,MW,-11.792583664630756,8,0.05990159084596836
sub-01,sub-01_1_46,Focus,-11.806635641698215,8,0.010254479007678067
sub-01,sub-01_1_47,MW,-11.513119288743914,8,-0.2820632232818345
sub-01,sub-01_1_48,Focus,-11.799203813609957,8,-0.015295096960549384
sub-01,sub-01_1_49,MW,-11.758751087838021,8,0.009970291984369377
sub-01,sub-01_1_5,MW,-11.920097959438712,8,0.015647525429362822
sub-01,sub-01_1_50,Focus,-11.782322940802194,8,-0.06048660129385891
sub-01,sub-01_1_51,MW,-11.637358221259639,8,0.014875385798683789
sub-01,sub-01_1_52,Focus,-11.808592078130651,8,0.018919661466488123
sub-01,sub-01_1_53,MW,-11.622729441116388,8,-0.08173842440171704
sub-01,sub-01_1_54,Focus,-11.836346432476201,8,0.0779805425177701
sub-01,sub-01_1_55,Focus,-11.483133140922275,8,0.01892612332480444
sub-01,sub-01_1_6,Focus,-11.918981426699979,8,0.021801200709686788
sub-01,sub-01_1_7,MW,-11.813575378590247,8,-0.11096593909443765
sub-01,sub-01_1_8,Focus,-11.818610856740692,8,-0.06859867180184522
sub-01,sub-01_1_9,MW,-11.90949426889445,8,-0.08654933996054323
sub-01,sub-01_2_0,Focus,-11.836113123063202,8,-0.0037746240211279252
sub-01,sub-01_2_1,Focus,-11.836002792609687,8,-0.08069643475069875
sub-01,sub-01_2_10,Focus,-11.964722140140184,8,0.10901697549096577
sub-01,sub-01_2_11,MW,-11.979369448895298,8,0.05513002227811448
sub-01,sub-01_2_12,Focus,-12.153716630166885,8,-0.0731487043251401
sub-01,sub-01_2_13,MW,-11.769288898891652,8,0.0185586664782894
sub-01,sub-01_2_14,Focus,-11.92328851733872,8,0.08454052596585467
sub-01,sub-01_2_15,MW,-12.059565639959995,8,0.005559559363545576
sub-01,sub-01_2_16,Focus,-11.941082667530033,8,-0.18639118422040202
sub-01,sub-01_2_17,MW,-11.926162185136945,8,-0.0030793000881255447
sub-01,sub-01_2_18,Focus,-11.928231170719327,8,0.004845112487501703
sub-01,sub-01_2_19,MW,-12.00172832533583,8,0.00438240238754828
sub-01,sub-01_2_2,Focus,-11.90228077763621,8,-0.10738467920717255
sub-01,sub-01_2_20,Focus,-12.108401022367971,8,-0.03567788269962998
sub-01,sub-01_2_21,MW,-11.90168048819596,8,0.004954459721520602
sub-01,sub-01_2_22,Focus,-12.042989666872073,8,0.016547877046229828
sub-01,sub-01_2_23,MW,-11.845381831576574,8,0.20488877569271433
sub-01,sub-01_2_24,Focus,-11.941785962053455,8,-0.17438776500659822
sub-01,sub-01_2_25,MW,-12.02206505965568,8,0.03345600867485055
sub-01,sub-01_2_26,Focus,-12.063021147816428,8,-0.02346358870846537
sub-01,sub-01_2_27,MW,-11.791929701520996,8,0.024484464798950382
sub-01,sub-01_2_28,Focus,-11.911814811849798,8,-0.02451503325891268
sub-01,sub-01_2_29,MW,-11.876124669407826,8,-0.1674169700335187
sub-01,sub-01_2_3,MW,-11.888311595123945,8,0.19002447305103648
sub-01,sub-01_2_30,Focus,-11.977547860338179,8,0.012158578639112821
sub-01,sub-01_2_31,MW,-11.975294224848465,8,-0.12248749517526134
sub-01,sub-01_2_32,Focus,-12.140599176433687,8,-0.033304434513813465
sub-01,sub-01_2_33,MW,-12.032410209551319,8,-0.0711468057052811
sub-01,sub-01_2_34,Focus,-12.07486079663131,8,0.031155959912576407
sub-01,sub-01_2_35,MW,-11.745623956669789,8,0.1259353422595411
sub-01,sub-01_2_36,Focus,-12.053507117179766,8,-0.0023255675089077187
sub-01,sub-01_2_37,MW,-12.126511192033602,8,0.048011250512709984
sub-01,sub-01_2_38,Focus,-12.004229442279682,8,-0.03760269502483732
sub-01,sub-01_2_39,MW,-11.879745248202383,8,0.17333438800615586
sub-01,sub-01_2_4,Focus,-12.006051459981244,8,0.11276684084943052
sub-01,sub-01_2_40,Focus,-11.876058774596643,8,-0.1749266745046211
sub-01,sub-01_2_41,Focus,-11.144924523379311,8,0.01742026704476766
sub-01,sub-01_2_5,MW,-11.982260947040274,8,0.03979855911538469
sub-01,sub-01_2_6,Focus,-11.899637802747709,8,-0.19756697252361743
sub-01,sub-01_2_7,MW,-11.723065613620765,8,0.18583143385833784
sub-01,sub-01_2_8,Focus,-12.002977652980867,8,-0.03192153479154966
sub-01,sub-01_2_9,MW,-11.949937700933638,8,0.08276410686516573
sub-01,sub-01_3_0,Focus,-11.83653302658955,8,-0.04068928121617879
sub-01,sub-01_3_1,Focus,-11.875625528407388,8,-0.0443195079172971
sub-01,sub-01_3_10,Focus,-11.922281356905486,8,0.02182030053418822
sub-01,sub-01_3_11,MW,-11.978051017215535,8,-0.09552861484176253
sub-01,sub-01_3_12,Focus,-11.806277181471533,8,0.013348993720595621
sub-01,sub-01_3_13,MW,-11.866978829078658,8,0.06942778153604484
sub-01,sub-01_3_14,Focus,-11.907275558655627,8,-0.07596019877851909
sub-01,sub-01_3_15,MW,-11.926119075342669,8,0.03028665971056044
sub-01,sub-01_3_16,Focus,-11.841343376076065,8,-0.09429946665518725
sub-01,sub-01_3_17,MW,-11.864645888204933,8,0.058107678857472776
sub-01,sub-01_3_18,MW,-11.777481427201238,8,0.02735053158130882
sub-01,sub-01_3_19,Focus,-11.849270696734138,8,-0.015546619102051396
sub-01,sub-01_3_2,Focus,-11.946186718285801,8,0.011186161858374257
sub-01,sub-01_3_20,Focus,-11.953978802212731,8,0.030228848651917918
sub-01,sub-01_3_21,MW,-11.824410327096206,8,0.02698775172702352
sub-01,sub-01_3_22,Focus,-11.742472122106733,8,0.0216924695790252
sub-01,sub-01_3_23,MW,-11.947643684136331,8,-0.0915831511882218
sub-01,sub-01_3_24,Focus,-11.496268984200771,8,0.14031358054083914
sub-01,sub-01_3_25,Focus,-11.929567829139284,8,0.11877219453238086
sub-01,sub-01_3_26,MW,-11.737190550368286,8,-0.19618914639264579
sub-01,sub-01_3_27,Focus,-11.75622852669816,8,-0.039526120285124505
sub-01,sub-01_3_28,MW,-11.952324694720783,8,-0.039157702264778035
sub-01,sub-01_3_29,Focus,-11.790392018229493,8,-0.06413819465820493
sub-01,sub-01_3_3,MW,-11.845106372696506,8,-0.10320138732501856
sub-01,sub-01_3_30,Focus,-11.987871947767495,8,-0.08572295637919598
sub-01,sub-01_3_31,MW,-11.66994561927497,8,0.17613438253497518
sub-01,sub-01_3_32,Focus,-11.748468591753165,8,-0.062364147151879296
sub-01,sub-01_3_33,Focus,-11.88925668760395,8,-0.02549198011752521
sub-01,sub-01_3_34,MW,-11.848392781972718,8,0.2662879749915098
sub-01,sub-01_3_35,Focus,-11.836106896688054,8,-0.026782272647258076
sub-01,sub-01_3_36,MW,-11.878936101780413,8,0.08411337279289516
sub-01,sub-01_3_37,Focus,-11.727580587050504,8,0.09958192552226794
sub-01,sub-01_3_38,Focus,-11.825345521651323,8,-0.13874730753645767
sub-01,sub-01_3_39,Focus,-11.711336523344654,8,0.025300554893937933
sub-01,sub-01_3_4,Focus,-11.890364655755484,8,-0.010832638246351356
sub-01,sub-01_3_40,MW,-11.933493369493924,8,-0.11892697951513487
sub-01,sub-01_3_41,Focus,-11.927524111789676,8,-0.17773198248886504
sub-01,sub-01_3_42,MW,-11.834285144294997,8,0.03503367553991362
sub-01,sub-01_3_43,Focus,-11.843147482170968,8,-0.03867741943930458
sub-01,sub-01_3_44,MW,-11.872735285003463,8,0.06290074819008426
sub-01,sub-01_3_45,Focus,-11.935729784899834,8,0.027288531503990104
sub-01,sub-01_3_46,MW,-11.914023947332636,8,-0.08814669201110541
sub-01,sub-01_3_47,Focus,-11.920098724858448,8,-0.022420935840956283
sub-01,sub-01_3_48,MW,-11.859179919395704,8,0.005979480430387567
sub-01,sub-01_3_49,Focus,-11.945714957618733,8,0.10595349019001607
sub-01,sub-01_3_5,MW,-11.876563498089189,8,-0.03733385898039148
sub-01,sub-01_3_50,MW,-11.75225875855542,8,-0.0766265247564396
sub-01,sub-01_3_51,Focus,-11.957585761615228,8,0.06843974033472137
sub-01,sub-01_3_52,MW,-11.68330297140328,8,-0.378523779560161
sub-01,sub-01_3_53,Focus,-11.868757415440498,8,0.05050612186160915
sub-01,sub-01_3_54,MW,-11.845317933373455,8,-0.07698289052682462
sub-01,sub-01_3_55,Focus,-11.833504613953385,8,-0.0335675865240475
sub-01,sub-01_3_56,MW,-11.903273873757382,8,0.12603225103723478
sub-01,sub-01_3_57,Focus,-11.798075067847153,8,0.01923755007498555
sub-01,sub-01_3_58,Focus,-11.397315685674767,8,-0.0023688429992187276
sub-01,sub-01_3_6,Focus,-11.924724576556716,8,-0.04907263346452359
sub-01,sub-01_3_7,MW,-11.84730640080467,8,0.038271582567640273
sub-01,sub-01_3_8,Focus,-11.894274918286857,8,-0.04408641393493742
sub-01,sub-01_3_9,MW,-11.85796711992124,8,-0.05011631002575162
sub-01,sub-01_4_0,Focus,-11.885905967153338,8,-0.06777845958634313
sub-01,sub-01_4_1,Focus,-11.885426011294335,8,0.058532044017894906
sub-01,sub-01_4_10,Focus,-11.802566852214753,8,0.10639659630727567
sub-01,sub-01_4_11,MW,-11.86397070589557,8,0.08957733480397904
sub-01,sub-01_4_12,Focus,-11.799710956454149,8,0.12148968219604198
sub-01,sub-01_4_13,MW,-11.547323786716408,8,0.12450468504708853
sub-01,sub-01_4_14,Focus,-11.77087294337392,8,-0.17283956330054956
sub-01,sub-01_4_15,MW,-11.854728280459144,8,0.02584209745668561
sub-01,sub-01_4_16,Focus,-11.792323779170914,8,0.01955131794152805
sub-01,sub-01_4_17,MW,-11.851455095891207,8,0.05333009273105468
sub-01,sub-01_4_18,Focus,-11.68552975964555,8,-0.03772381474162681
sub-01,sub-01_4_19,MW,-11.94073159500881,8,-0.08990732234551452
sub-01,sub-01_4_2,Focus,-11.930097908108483,8,0.004951916259477392
sub-01,sub-01_4_20,Focus,-11.919197441453663,8,-0.06341784065315481
sub-01,sub-01_4_21,MW,-11.976228822431946,8,-0.01268438653039881
sub-01,sub-01_4_22,Focus,-11.78008862232224,8,-0.24166658225357704
sub-01,sub-01_4_23,MW,-11.904691241156264,8,0.1296268605066056
sub-01,sub-01_4_24,Focus,-11.970884498375348,8,-0.026710793302360848
sub-01,sub-01_4_25,MW,-11.765089828827563,8,-0.04412184377707329
sub-01,sub-01_4_26,Focus,-11.84982213511472,8,0.010144760642598017
sub-01,sub-01_4_27,MW,-11.770667995872055,8,0.037802660987150814
sub-01,sub-01_4_28,Focus,-11.759576619106046,8,0.17252253501967513
sub-01,sub-01_4_29,MW,-11.93075520557812,8,0.060055052045304015
sub-01,sub-01_4_3,MW,-11.733343421423857,8,-0.08467050392721412
sub-01,sub-01_4_30,Focus,-11.77747082138179,8,0.16810450851072747
sub-01,sub-01_4_31,MW,-11.815361104526849,8,0.054102591139547095
sub-01,sub-01_4_32,Focus,-11.97001155922862,8,0.03384715876208419
sub-01,sub-01_4_33,MW,-11.854553367830967,8,0.006418041680790701
sub-01,sub-01_4_34,Focus,-11.79040889389,8,0.18977511167415148
sub-01,sub-01_4_35,MW,-11.793962929880816,8,0.03529622044834972
sub-01,sub-01_4_36,Focus,-11.890483161391412,8,-0.16117973756661047
sub-01,sub-01_4_37,MW,-11.811415452733904,8,-0.08147922705913548
sub-01,sub-01_4_38,Focus,-11.78106860131877,8,0.1834627039105418
sub-01,sub-01_4_39,MW,-11.792664583357176,8,-0.017582104596584193
sub-01,sub-01_4_4,Focus,-11.786450828288046,8,-0.02048865168466005
sub-01,sub-01_4_40,Focus,-11.724827178223647,8,0.07697194006837668
sub-01,sub-01_4_41,MW,-12.076087286775113,8,0.09326258961279997
sub-01,sub-01_4_42,Focus,-11.95546807569583,8,-0.10315582194966952
sub-01,sub-01_4_43,MW,-11.807402370303755,8,0.06282354650841378
sub-01,sub-01_4_44,Focus,-11.889372475033309,8,0.12140632035763649
sub-01,sub-01_4_45,MW,-11.868607928025133,8,-0.08770597490350332
sub-01,sub-01_4_46,Focus,-11.895117596150389,8,-0.09361098224303817
sub-01,sub-01_4_47,MW,-11.987248680366374,8,0.08060397397554267
sub-01,sub-01_4_48,Focus,-11.922176505111175,8,0.08136207068020083
sub-01,sub-01_4_49,Focus,-11.334274694023987,8,0.1518756444042112
sub-01,sub-01_4_5,MW,-11.865960303401096,8,-0.0908903881216905
sub-01,sub-01_4_6,MW,-11.87753139836555,8,-0.14166746498054705
sub-01,sub-01_4_7,Focus,-11.845571052018549,8,-0.13542976951795302
sub-01,sub-01_4_8,Focus,-11.893391695225755,8,0.017523438566752113
sub-01,sub-01_4_9,MW,-11.764374742706567,8,-0.025313381398146453
sub-01,sub-01_5_0,Focus,-11.812625696992015,8,0.1723804101931367
sub-01,sub-01_5_1,Focus,-11.781956941505221,8,-0.039945977875763004
sub-01,sub-01_5_10,Focus,-12.017923829331068,8,0.012231059816390338
sub-01,sub-01_5_11,MW,-11.822736393593154,8,0.062105260843869865
sub-01,sub-01_5_12,Focus,-12.115683544925318,8,0.02185329417606899
sub-01,sub-01_5_13,MW,-12.083307597533006,8,-0.0059746603589471885
sub-01,sub-01_5_14,Focus,-12.124212265492126,8,-0.028943640391820662
sub-01,sub-01_5_15,MW,-11.783245880098763,8,0.01882505027391459
sub-01,sub-01_5_16,Focus,-12.0479809723221,8,0.021617462693243453
sub-01,sub-01_5_17,MW,-12.012889010219844,8,-0.05382562747472247
sub-01,sub-01_5_18,Focus,-11.982107043316676,8,-0.08528402923484116
sub-01,sub-01_5_19,MW,-11.94999224525181,8,0.13388173204132325
sub-01,sub-01_5_2,Focus,-11.89251853620592,8,-0.12187412574295824
sub-01,sub-01_5_20,Focus,-11.877748013960161,8,0.12379648128075307
sub-01,sub-01_5_21,MW,-11.887371338464293,8,0.018720117384459514
sub-01,sub-01_5_22,Focus,-11.884052817051591,8,-0.011627277558276488
sub-01,sub-01_5_23,MW,-11.914655521622212,8,-0.11937513828218253
sub-01,sub-01_5_24,Focus,-12.069180217022453,8,-0.04085240353087847
sub-01,sub-01_5_25,MW,-11.87017096950644,8,-0.04881220457563488
sub-01,sub-01_5_26,Focus,-12.102229830880386,8,0.037358819023949406
sub-01,sub-01_5_27,MW,-11.798469733864058,8,-0.2642586465971508
sub-01,sub-01_5_28,Focus,-11.914461243251125,8,-0.0007391986467988669
sub-01,sub-01_5_29,MW,-11.977400270443436,8,-0.1052907028965454
sub-01,sub-01_5_3,MW,-11.921786604064803,8,-0.1165382954289588
sub-01,sub-01_5_30,Focus,-11.838546471548138,8,-0.1626679009493004
sub-01,sub-01_5_31,MW,-11.844962535677631,8,-0.1315687397888399
sub-01,sub-01_5_32,Focus,-12.079827104077797,8,0.17539996964400573
sub-01,sub-01_5_33,MW,-11.969312795759038,8,-0.013167508274096972
sub-01,sub-01_5_34,MW,-11.831930640481998,8,-0.2109960786210817
sub-01,sub-01_5_35,Focus,-12.152208395917159,8,-0.03345588378623275
sub-01,sub-01_5_36,MW,-11.948789976725173,8,-0.21852432190709592
sub-01,sub-01_5_37,Focus,-12.162070436232412,8,-0.026882349169777647
sub-01,sub-01_5_38,MW,-11.94486833261292,8,-0.2199255532902967
sub-01,sub-01_5_39,Focus,-11.996499210117248,8,0.045098267252914395
sub-01,sub-01_5_4,Focus,-11.756848148230661,8,0.1434303980069309
sub-01,sub-01_5_40,MW,-11.912040360206502,8,-0.0005477801352076122
sub-01,sub-01_5_41,Focus,-12.152426898985656,8,-0.026681558090331136
sub-01,sub-01_5_42,MW,-11.873667186363836,8,-0.21088694830348917
sub-01,sub-01_5_43,Focus,-11.951101761761183,8,0.18482861385755944
sub-01,sub-01_5_44,MW,-11.990468085847475,8,0.15190689444420075
sub-01,sub-01_5_45,Focus,-11.813429437086512,8,-0.011118436509375678
sub-01,sub-01_5_46,MW,-12.018874841785772,8,-0.015332381992423618
sub-01,sub-01_5_47,Focus,-11.951139054019514,8,0.10058134864388327
sub-01,sub-01_5_48,MW,-11.876976754607616,8,-0.1717895027879314
sub-01,sub-01_5_49,Focus,-11.921858016512935,8,0.28651952184332824
sub-01,sub-01_5_5,MW,-12.05554775759878,8,-0.1415788129198687
sub-01,sub-01_5_50,MW,-11.777618234463212,8,-0.13752488554481718
sub-01,sub-01_5_51,Focus,-12.051415908220523,8,-0.00021968857975372856
sub-01,sub-01_5_52,MW,-11.887523694379201,8,-0.04892771203030321
sub-01,sub-01_5_53,Focus,-12.047494417329753,8,0.014099209996690931
sub-01,sub-01_5_54,MW,-11.908123441793116,8,-0.2145965449148058
sub-01,sub-01_5_55,Focus,-11.167199486923028,8,-0.15046683881306663
sub-01,sub-01_5_6,Focus,-11.88072253811387,8,-0.0709268845581717
sub-01,sub-01_5_7,MW,-12.01736993213234,8,-0.11882505068905165
sub-01,sub-01_5_8,Focus,-11.918568423887203,8,0.15434191906053224
sub-01,sub-01_5_9,MW,-11.97185083497251,8,0.04769929549801373
sub-01,sub-01_6_0,Focus,-12.025561710696003,8,-0.0056321289124648365
sub-01,sub-01_6_1,Focus,-12.051721021173915,8,-0.14340240070076715
sub-01,sub-01_6_10,MW,-12.209389455307704,8,0.028254805864594976
sub-01,sub-01_6_11,Focus,-12.020108182225314,8,0.015446279009921585
sub-01,sub-01_6_12,MW,-12.079463820243227,8,-0.00968243760007426
sub-01,sub-01_6_13,Focus,-11.973695273665555,8,0.17109717212566455
sub-01,sub-01_6_14,MW,-12.110760807803747,8,0.030582505332499087
sub-01,sub-01_6_15,Focus,-12.064629633323758,8,-0.01527239913510368
sub-01,sub-01_6_16,MW,-11.98860455951618,8,-0.1434858446942414
sub-01,sub-01_6_17,Focus,-12.054127394245738,8,-0.05888238611337169
sub-01,sub-01_6_18,MW,-12.065810317452751,8,0.025336202421265535
sub-01,sub-01_6_19,Focus,-12.15579971840491,8,-0.03260903024693237
sub-01,sub-01_6_2,Focus,-12.098039893428227,8,-0.06146435007695493
sub-01,sub-01_6_20,MW,-11.98445035423704,8,-0.038609578226925415
sub-01,sub-01_6_21,Focus,-11.954221351426336,8,-0.022502145665701703
sub-01,sub-01_6_22,MW,-11.858527998363465,8,0.08744766304394568
sub-01,sub-01_6_23,Focus,-11.857971300400543,8,-0.02518974582855721
sub-01,sub-01_6_24,MW,-11.719673659867475,8,0.14776272193903214
sub-01,sub-01_6_25,Focus,-12.076948197125974,8,0.1154109836267087
sub-01,sub-01_6_26,MW,-12.07661893027118,8,-0.004108520345547058
sub-01,sub-01_6_27,Focus,-12.08737777141861,8,-0.0672502879624096
sub-01,sub-01_6_28,MW,-11.823166189300519,8,0.14466221390037534
sub-01,sub-01_6_29,Focus,-12.068432379739582,8,-0.002032309743000889
sub-01,sub-01_6_3,MW,-12.052541969738057,8,-0.10247404123144647
sub-01,sub-01_6_30,MW,-11.988462490333585,8,0.03494416583850519
sub-01,sub-01_6_31,Focus,-12.08272827640511,8,0.03265900754868538
sub-01,sub-01_6_32,MW,-11.735493802102011,8,-0.005378036780877087
sub-01,sub-01_6_33,Focus,-11.984472754330689,8,0.03201873392316646
sub-01,sub-01_6_34,MW,-11.839106262164922,8,0.050088926912201966
sub-01,sub-01_6_35,Focus,-12.079791087446022,8,0.03639254101436949
sub-01,sub-01_6_36,MW,-11.763135860521182,8,-0.06812793992758857
sub-01,sub-01_6_37,Focus,-11.905597046810614,8,-0.006995476753574295
sub-01,sub-01_6_38,MW,-11.967184381683255,8,-0.07517365137186918
sub-01,sub-01_6_39,Focus,-12.028082261878293,8,-0.004831149490679168
sub-01,sub-01_6_4,Focus,-12.100094672797642,8,-0.04081624210364246
sub-01,sub-01_6_40,MW,-11.710704363940101,8,-0.13534252253351636
sub-01,sub-01_6_41,Focus,-12.140548660099736,8,0.017620153176909674
sub-01,sub-01_6_42,MW,-11.93134032202429,8,-0.029889524597943678
sub-01,sub-01_6_43,Focus,-12.016784691913088,8,0.09769187621004473
sub-01,sub-01_6_44,MW,-11.980039409466968,8,-0.01079691727729943
sub-01,sub-01_6_45,Focus,-12.062722963829577,8,-0.03159095649085251
sub-01,sub-01_6_46,MW,-11.852261144752264,8,0.05708952201136157
sub-01,sub-01_6_47,Focus,-12.095537583438222,8,0.005743070942786053
sub-01,sub-01_6_48,MW,-11.892199175303313,8,-0.03085196323847771
sub-01,sub-01_6_49,Focus,-11.84712094953893,8,0.130618479570988
sub-01,sub-01_6_5,MW,-12.092690413065418,8,0.006382969506465746
sub-01,sub-01_6_50,MW,-11.840534778553447,8,-0.03662242395439242
sub-01,sub-01_6_51,Focus,-11.856952868240057,8,0.02159264876151954
sub-01,sub-01_6_52,MW,-11.72337434681376,8,-0.060986971622924414
sub-01,sub-01_6_53,Focus,-12.058690741080389,8,-0.020112381032222473
sub-01,sub-01_6_54,MW,-11.907163345562381,8,-0.14117505727532742
sub-01,sub-01_6_55,Focus,-11.997025451520315,8,0.18720896957765376
sub-01,sub-01_6_56,Focus,-12.066609694852183,8,-0.1876743906028329
sub-01,sub-01_6_57,MW,-12.083650603710034,8,-0.1755301268628924
sub-01,sub-01_6_58,Focus,-11.990212467573016,8,-0.12394884648629316
sub-01,sub-01_6_59,MW,-12.012940029880568,8,-0.018109436258236498
sub-01,sub-01_6_6,Focus,-11.957601714899866,8,-0.009448755637532115
sub-01,sub-01_6_60,Focus,-11.868035399678465,8,-0.2447781956654146
sub-01,sub-01_6_61,MW,-11.751803859329021,8,-0.049655891647334534
sub-01,sub-01_6_62,Focus,-12.260096168403884,8,0.010309176837564963
sub-01,sub-01_6_63,MW,-11.749884945624384,8,0.06740389321024481
sub-01,sub-01_6_64,Focus,-12.165493505437802,8,-0.03604579298252608
sub-01,sub-01_6_65,MW,-11.985843603707064,8,-0.06772207998545209
sub-01,sub-01_6_66,Focus,-12.079982339140523,8,0.05608165369385912
sub-01,sub-01_6_67,MW,-11.807781352194494,8,0.03719587867178477
sub-01,sub-01_6_68,Focus,-12.151123394252206,8,0.02483031500824311
sub-01,sub-01_6_69,MW,-12.002504083192195,8,0.06212236148166471
sub-01,sub-01_6_7,MW,-11.990985124057342,8,-0.07807193345200382
sub-01,sub-01_6_70,Focus,-12.047709858454931,8,0.13576029097378675
sub-01,sub-01_6_71,MW,-12.088286605914327,8,0.1489952219224586
sub-01,sub-01_6_72,Focus,-11.833193209284111,8,0.12927905615931545
sub-01,sub-01_6_73,Focus,-11.586844437950415,8,-0.13636970647099603
sub-01,sub-01_6_8,Focus,-11.86121422623706,8,-0.14013420349181777
sub-01,sub-01_6_9,Focus,-12.02763544329136,8,0.04986593650744845
sub-01,sub-01_7_0,Focus,-12.106148780051893,8,-0.1316770018080764
sub-01,sub-01_7_1,Focus,-12.19058196785404,8,-0.08370563860086223
sub-01,sub-01_7_10,Focus,-12.051760901659653,8,-0.14677044017811508
sub-01,sub-01_7_11,MW,-12.276071796828,8,0.09704987804487769
sub-01,sub-01_7_12,Focus,-12.078404499812692,8,-0.06318146785481996
sub-01,sub-01_7_13,MW,-12.046614863112325,8,0.026108219619799287
sub-01,sub-01_7_14,Focus,-11.98177258897009,8,-0.04808142526793884
sub-01,sub-01_7_15,MW,-12.1159300830548,8,0.11271809001141293
sub-01,sub-01_7_16,Focus,-12.242942181213856,8,0.05063098717000064
sub-01,sub-01_7_17,MW,-12.050197645775917,8,-0.13599461202125482
sub-01,sub-01_7_18,Focus,-11.985778230865936,8,-0.00892859704576595
sub-01,sub-01_7_19,MW,-12.167419376257953,8,-0.010748268881156053
sub-01,sub-01_7_2,Focus,-12.21584486352861,8,-0.04641725892796792
sub-01,sub-01_7_20,Focus,-12.17738330162896,8,-0.012989809978864338
sub-01,sub-01_7_21,MW,-12.143027655183852,8,0.017731098378542965
sub-01,sub-01_7_22,Focus,-12.015364594914137,8,0.007011414649061563
sub-01,sub-01_7_23,MW,-12.000319589436991,8,-0.03448308837905844
sub-01,sub-01_7_24,Focus,-12.24611167690173,8,0.0562010051641039
sub-01,sub-01_7_25,MW,-12.13829138891688,8,0.12246587332217798
sub-01,sub-01_7_26,Focus,-12.076612172095977,8,0.15174662677411607
sub-01,sub-01_7_27,MW,-12.225262557134478,8,0.015829020786604104
sub-01,sub-01_7_28,Focus,-12.037310486848543,8,0.007727978761233758
sub-01,sub-01_7_29,MW,-12.127647890021466,8,-0.08877172300300618
sub-01,sub-01_7_3,MW,-12.141881274903678,8,-0.010498261324896407
sub-01,sub-01_7_30,Focus,-12.205995089432836,8,0.05962547420407616
sub-01,sub-01_7_31,MW,-11.936274276623706,8,0.14665037280879709
sub-01,sub-01_7_32,Focus,-11.662096031687229,8,0.21661085804085123
sub-01,sub-01_7_33,Focus,-12.052521381770777,8,-0.047663878866261056
sub-01,sub-01_7_34,MW,-12.144671949694242,8,-0.1760416199238813
sub-01,sub-01_7_35,Focus,-12.15760342190826,8,-0.05880835340992387
sub-01,sub-01_7_36,MW,-12.176529674717308,8,-0.14907826553380696
sub-01,sub-01_7_37,Focus,-12.042925936056593,8,-0.13329557798177907
sub-01,sub-01_7_38,MW,-12.080310660946829,8,0.20572150466437655
sub-01,sub-01_7_39,Focus,-12.173194295617266,8,0.07733931269701333
sub-01,sub-01_7_4,Focus,-12.032873067080764,8,0.09139290423323454
sub-01,sub-01_7_40,MW,-12.164510368259752,8,0.0698868294069929
sub-01,sub-01_7_41,Focus,-12.248837873463646,8,0.11129794118774641
sub-01,sub-01_7_42,MW,-12.012426836100307,8,-0.06082529016109942
sub-01,sub-01_7_43,Focus,-12.242285005755868,8,0.03850856399743584
sub-01,sub-01_7_44,MW,-12.238933416274815,8,0.07905873916009777
sub-01,sub-01_7_45,Focus,-12.157570991853888,8,0.05686149567140674
sub-01,sub-01_7_46,MW,-12.094629232130382,8,0.15598820018633508
sub-01,sub-01_7_47,Focus,-12.204301695603554,8,0.08030522354393393
sub-01,sub-01_7_48,MW,-12.25189594768506,8,0.07426140766639304
sub-01,sub-01_7_49,Focus,-12.1956497351624,8,0.0027459228544708704
sub-01,sub-01_7_5,MW,-12.108896087681416,8,0.015893245720931738
sub-01,sub-01_7_50,MW,-11.887898430102648,8,0.1287989264786248
sub-01,sub-01_7_51,Focus,-12.307865136417824,8,0.024025506856304068
sub-01,sub-01_7_52,MW,-12.218044889810933,8,0.06253492996774604
sub-01,sub-01_7_53,Focus,-11.492413285034882,8,0.07889713882503006
sub-01,sub-01_7_54,Focus,-11.53853205233966,8,-0.039325610470779274
sub-01,sub-01_7_6,Focus,-12.206633342809184,8,-0.006554166344432368
sub-01,sub-01_7_7,MW,-12.198529002011227,8,0.07078473443930233
sub-01,sub-01_7_8,Focus,-12.243113797250569,8,0.044607165521429765
sub-01,sub-01_7_9,MW,-12.117295884925289,8,-0.041417378730937295
sub-01,sub-01_8_0,Focus,-12.151858914367676,8,-0.008525801050193038
sub-01,sub-01_8_1,Focus,-12.081169241310274,8,0.06341744846198832
sub-01,sub-01_8_10,Focus,-11.896441879581943,8,-0.024572460612721503
sub-01,sub-01_8_11,MW,-12.177424698840568,8,-0.13007560375691085
sub-01,sub-01_8_12,Focus,-12.103618128981662,8,-0.13979069429265226
sub-01,sub-01_8_13,MW,-12.07664198044964,8,0.00419206073365681
sub-01,sub-01_8_14,Focus,-12.23220218070959,8,0.037651358432069376
sub-01,sub-01_8_15,MW,-12.047982055324166,8,0.09188669896209987
sub-01,sub-01_8_16,Focus,-12.20554730715561,8,0.008301585068849628
sub-01,sub-01_8_17,MW,-12.15655791083865,8,-0.05645337344834327
sub-01,sub-01_8_18,Focus,-12.151805296543795,8,-0.047013398217029115
sub-01,sub-01_8_19,MW,-12.18883462703364,8,0.008207057201670791
sub-01,sub-01_8_2,Focus,-12.138667728355802,8,0.01456232809557265
sub-01,sub-01_8_20,Focus,-12.037660851664342,8,-0.006467657706542241
sub-01,sub-01_8_21,MW,-11.946957955222448,8,0.23557272554842124
sub-01,sub-01_8_22,Focus,-12.242205918771301,8,0.02272231212522574
sub-01,sub-01_8_23,MW,-12.205865852916212,8,-0.004843548654981875
sub-01,sub-01_8_24,Focus,-12.163673671521796,8,0.09548872463289099
sub-01,sub-01_8_25,MW,-11.941412569717913,8,0.1953690578932559
sub-01,sub-01_8_26,Focus,-11.982721563016728,8,0.015334892961642829
sub-01,sub-01_8_27,MW,-12.089120558687057,8,0.1542816597188955
sub-01,sub-01_8_28,Focus,-11.960712841714393,8,0.26766104167041266
sub-01,sub-01_8_29,MW,-12.102923163648892,8,-0.08141249330843915
sub-01,sub-01_8_3,MW,-12.203950626879319,8,-0.09357612997269955
sub-01,sub-01_8_30,Focus,-12.144973298043462,8,0.21282731541196212
sub-01,sub-01_8_31,MW,-12.127941046575067,8,-0.029472712325923908
sub-01,sub-01_8_32,Focus,-12.2972841026277,8,0.035951093864090414
sub-01,sub-01_8_33,MW,-11.998978661331599,8,-0.23633298046468965
sub-01,sub-01_8_34,Focus,-12.17606123207129,8,-0.16527569338169618
sub-01,sub-01_8_35,MW,-12.110218000921265,8,0.08803194464279945
sub-01,sub-01_8_36,Focus,-12.124307340973694,8,-0.12909011850345994
sub-01,sub-01_8_37,MW,-12.076855183945481,8,0.11861596012934457
sub-01,sub-01_8_38,Focus,-11.925738391740882,8,-0.06234739766476313
sub-01,sub-01_8_39,MW,-11.95334043688316,8,0.14374794545422814
sub-01,sub-01_8_4,Focus,-12.232811506816779,8,0.03438206394012426
sub-01,sub-01_8_40,MW,-11.881436256629055,8,-0.042002692953515657
sub-01,sub-01_8_41,Focus,-12.16592856466573,8,-0.013333371868637992
sub-01,sub-01_8_42,MW,-12.184387635239112,8,-0.10761416981393021
sub-01,sub-01_8_43,Focus,-12.119052799446855,8,0.1851489643169357
sub-01,sub-01_8_44,MW,-12.097965417690085,8,-0.022624851710088944
sub-01,sub-01_8_45,Focus,-12.006733670757463,8,-0.13017566161356767
sub-01,sub-01_8_46,Focus,-11.625213066024813,8,-0.22043100432925497
sub-01,sub-01_8_5,MW,-12.20486330875474,8,0.014249758996245945
sub-01,sub-01_8_6,Focus,-12.039012061940676,8,-0.011293306726392716
sub-01,sub-01_8_7,MW,-12.168847225479615,8,0.16972816310491962
sub-01,sub-01_8_8,Focus,-12.097764488670101,8,0.12624788061185874
sub-01,sub-01_8_9,MW,-12.047388402128993,8,0.047017736516185564
sub-01,sub-01_9_0,Focus,-12.091140747226309,8,0.003107804789320969
sub-01,sub-01_9_1,Focus,-12.040434229934199,8,0.02704637964790586
sub-01,sub-01_9_10,MW,-12.033373745633451,8,-0.007899561945025044
sub-01,sub-01_9_11,Focus,-12.057994542898259,8,0.06120525955179675
sub-01,sub-01_9_12,MW,-12.078551564284679,8,-0.09194570372570997
sub-01,sub-01_9_13,Focus,-12.022029789292777,8,-0.036932155172058764
sub-01,sub-01_9_14,MW,-12.128550880115458,8,0.01270709599854734
sub-01,sub-01_9_15,Focus,-12.088836595066716,8,-0.03070598666812222
sub-01,sub-01_9_16,MW,-12.004794996613713,8,-0.005671147547746727
sub-01,sub-01_9_17,Focus,-11.968563566958295,8,0.09482739692169034
sub-01,sub-01_9_18,MW,-12.04875540885439,8,0.04984941543143432
sub-01,sub-01_9_19,Focus,-12.103509358559778,8,0.1175746639833021
sub-01,sub-01_9_2,Focus,-12.059232300519621,8,-0.029953351555803066
sub-01,sub-01_9_20,MW,-12.01391105400943,8,0.031495665480607275
sub-01,sub-01_9_21,Focus,-12.040326649788678,8,-0.04067667349530013
sub-01,sub-01_9_22,MW,-12.106414938311282,8,0.008471208248674953
sub-01,sub-01_9_23,Focus,-12.045008135671681,8,-0.11300231985363023
sub-01,sub-01_9_24,MW,-11.938956908887965,8,0.10071286342218425
sub-01,sub-01_9_25,Focus,-12.045986845177707,8,0.06733760362510777
sub-01,sub-01_9_26,MW,-12.00022510734523,8,0.10425727866143865
sub-01,sub-01_9_27,Focus,-12.01319428968576,8,0.051358906324089335
sub-01,sub-01_9_28,MW,-11.979813633566767,8,0.046981237751181716
sub-01,sub-01_9_29,Focus,-12.190946742699374,8,-0.008190629488628903
sub-01,sub-01_9_3,MW,-12.10894453440628,8,0.006221848496786429
sub-01,sub-01_9_30,MW,-12.107939657262925,8,-0.022307389641115644
sub-01,sub-01_9_31,Focus,-11.96698867750068,8,-0.03522172097504259
sub-01,sub-01_9_32,MW,-11.881586021120214,8,-0.05966497474413015
sub-01,sub-01_9_33,Focus,-12.05293373783509,8,0.014503443354170887
sub-01,sub-01_9_34,MW,-12.105925969993109,8,-0.05747520020720551
sub-01,sub-01_9_35,Focus,-12.042976815577461,8,0.039147398350096625
sub-01,sub-01_9_36,MW,-12.064511512980523,8,-0.0760969438994102
sub-01,sub-01_9_37,Focus,-12.038873720428658,8,0.012614991439892614
sub-01,sub-01_9_38,MW,-12.076375827750873,8,-0.053292289143599104
sub-01,sub-01_9_39,Focus,-12.14404455227216,8,-0.01695187037902336
sub-01,sub-01_9_4,Focus,-12.107182121407776,8,-0.003678533332716872
sub-01,sub-01_9_40,MW,-11.655253018009669,8,-0.03311021808598815
sub-01,sub-01_9_41,Focus,-12.146255307312273,8,0.02420839386631421
sub-01,sub-01_9_42,MW,-11.980241689778378,8,0.12934135413031797
sub-01,sub-01_9_43,Focus,-12.155645382698454,8,0.041737873069778844
sub-01,sub-01_9_44,MW,-12.05031854093605,8,0.0030644895329559945
sub-01,sub-01_9_45,Focus,-12.074753220951472,8,0.021707868910410186
sub-01,sub-01_9_46,MW,-11.931139812296633,8,0.07389810091440181
sub-01,sub-01_9_47,Focus,-12.090731295591436,8,0.09111648250055822
sub-01,sub-01_9_48,MW,-12.059705003453132,8,0.11757812451274514
sub-01,sub-01_9_49,Focus,-11.988993831701555,8,-0.007957531593175736
sub-01,sub-01_9_5,MW,-12.076458684500864,8,0.09342637401675126
sub-01,sub-01_9_50,MW,-11.876028256802766,8,-0.07388432912623506
sub-01,sub-01_9_51,Focus,-12.076075869582294,8,0.019763157943463474
sub-01,sub-01_9_52,MW,-11.974481508807573,8,0.16957463854801136
sub-01,sub-01_9_53,Focus,-12.080509979274318,8,0.021944673609839555
sub-01,sub-01_9_54,MW,-12.142748420854577,8,0.08813922800613141
sub-01,sub-01_9_55,Focus,-12.145100272644171,8,-0.029629222879630223
sub-01,sub-01_9_6,Focus,-12.052777273318272,8,0.01591704050604972
sub-01,sub-01_9_7,MW,-12.071252171696436,8,0.011785195886307937
sub-01,sub-01_9_8,Focus,-12.105906189376414,8,-0.027071661197599767
sub-01,sub-01_9_9,MW,-11.99821628162976,8,-0.013378538480666615
sub-02,sub-02_10_0,Focus,-12.236257880468694,8,-0.02449547212376022
sub-02,sub-02_10_1,Focus,-12.213960790206503,8,-0.04446120651110412
sub-02,sub-02_10_10,MW,-12.253971605624379,8,0.02397492341834941
sub-02,sub-02_10_11,Focus,-12.146488668890761,8,-0.11530171125341389
sub-02,sub-02_10_12,MW,-12.293144071472042,8,-0.024613926221334105
sub-02,sub-02_10_13,Focus,-12.260898011922366,8,-0.022842310816074355
sub-02,sub-02_10_14,MW,-12.297737952161594,8,0.06840634625487488
sub-02,sub-02_10_15,MW,-12.242257083092372,8,-0.06409840445847834
sub-02,sub-02_10_16,Focus,-12.23532951978094,8,0.02893561125211303
sub-02,sub-02_10_17,MW,-12.336418330331787,8,0.04676769831318193
sub-02,sub-02_10_18,Focus,-12.342797625129908,8,-0.030662394462149828
sub-02,sub-02_10_19,MW,-12.164154073203827,8,0.06503784197946383
sub-02,sub-02_10_2,Focus,-12.223490077904144,8,0.08745059947324987
sub-02,sub-02_10_20,Focus,-12.247267821141481,8,-0.06718626351574478
sub-02,sub-02_10_21,MW,-12.37754395515374,8,0.009546952871890486
sub-02,sub-02_10_22,Focus,-12.243977357124745,8,-0.03950216961436806
sub-02,sub-02_10_23,MW,-12.222133279976159,8,-0.03762199926935077
sub-02,sub-02_10_24,Focus,-12.300785257158509,8,-0.004305220861360768
sub-02,sub-02_10_25,MW,-12.204884725922437,8,-0.002408617787962958
sub-02,sub-02_10_26,Focus,-12.239615943668053,8,0.04003113093854369
sub-02,sub-02_10_27,MW,-12.170977224939708,8,0.014270849681308493
sub-02,sub-02_10_28,Focus,-12.277492814530817,8,-0.1035043392627203
sub-02,sub-02_10_29,MW,-12.301688595529681,8,0.022756580675796407
sub-02,sub-02_10_3,Focus,-12.13210747561158,8,-0.10033404734680157
sub-02,sub-02_10_30,Focus,-12.276206200841983,8,-0.05649292465747744
sub-02,sub-02_10_31,MW,-12.166904284319425,8,0.03178373181850982
sub-02,sub-02_10_32,Focus,-12.358232709343168,8,-0.08265957903719393
sub-02,sub-02_10_33,Focus,-11.726302053610048,8,-0.359135926730286
sub-02,sub-02_10_4,MW,-12.257017139951012,8,-0.022233038870987154
sub-02,sub-02_10_5,Focus,-12.158023233774976,8,0.03258534958051202
sub-02,sub-02_10_6,MW,-12.311008827265645,8,-0.05364072817766058
sub-02,sub-02_10_7,Focus,-12.284767403202949,8,-0.012396079555114018
sub-02,sub-02_10_8,MW,-12.309246677282506,8,-0.002058842605500013
sub-02,sub-02_10_9,Focus,-12.313484878917468,8,-0.006931823544433889
sub-02,sub-02_11_0,Focus,-12.054901399871268,8,-0.04656593527256883
sub-02,sub-02_11_1,Focus,-12.02731564741706,8,-0.09311370857824741
sub-02,sub-02_11_10,MW,-12.22484448675187,8,0.023845213997740627
sub-02,sub-02_11_11,Focus,-12.043875786054874,8,0.033475084046140476
sub-02,sub-02_11_12,MW,-12.191967668489426,8,-0.03401540608192416
sub-02,sub-02_11_13,Focus,-12.054827428520984,8,-0.012865905220723235
sub-02,sub-02_11_14,MW,-12.037424133021283,8,-0.028642124203911875
sub-02,sub-02_11_15,Focus,-12.148824166916464,8,-0.05760260766244043
sub-02,sub-02_11_16,MW,-11.946685001399715,8,-0.014533794368106487
sub-02,sub-02_11_17,Focus,-12.083661870237808,8,-0.05423480727700872
sub-02,sub-02_11_18,MW,-11.974201867057559,8,0.021238734098069634
sub-02,sub-02_11_19,Focus,-12.144582395625811,8,-0.060095271006151
sub-02,sub-02_11_2,Focus,-12.139216600362248,8,-0.016235471428644597
sub-02,sub-02_11_20,MW,-11.918104322096198,8,0.004305299794022483
sub-02,sub-02_11_21,Focus,-12.139234254343439,8,-0.058036326519837915
sub-02,sub-02_11_22,MW,-11.978682303773615,8,0.06054214272068344
sub-02,sub-02_11_23,Focus,-12.104271876492483,8,0.008419713924062875
sub-02,sub-02_11_24,MW,-11.98594477507076,8,-0.005000723450398347
sub-02,sub-02_11_25,Focus,-12.070029938328638,8,-0.0003831255396081259
sub-02,sub-02_11_26,MW,-11.983487916037983,8,-0.05174526360790735
sub-02,sub-02_11_27,Focus,-12.007228454758785,8,-0.05608383478250881
sub-02,sub-02_11_28,MW,-12.026524847120108,8,-0.0659307006421723
sub-02,sub-02_11_29,Focus,-12.115507392925988,8,-0.04564240626116507
sub-02,sub-02_11_3,Focus,-12.143584927492808,8,-0.034539342038861894
sub-02,sub-02_11_30,MW,-12.034216697833088,8,0.02594479016220044
sub-02,sub-02_11_31,Focus,-12.125367969220704,8,-0.024265893071437228
sub-02,sub-02_11_32,MW,-11.958796810052629,8,-0.03964250487968526
sub-02,sub-02_11_33,Focus,-12.178092928015554,8,-0.015614520840356794
sub-02,sub-02_11_34,MW,-11.981701208876174,8,-0.07113319821529267
sub-02,sub-02_11_35,Focus,-12.19567644555751,8,-0.00040102887530972807
sub-02,sub-02_11_36,MW,-11.933609362055158,8,0.10785926667209539
sub-02,sub-02_11_37,Focus,-12.09305711176977,8,-0.04530842320715016
sub-02,sub-02_11_38,MW,-11.989453150716653,8,-0.11440301329978654
sub-02,sub-02_11_39,Focus,-12.220827772309415,8,-0.05296692520896518
sub-02,sub-02_11_4,MW,-12.09937709128199,8,0.01274907499546093
sub-02,sub-02_11_40,MW,-11.984524558060698,8,-0.03237878078352096
sub-02,sub-02_11_41,Focus,-12.232991929193025,8,-0.0055616187624403105
sub-02,sub-02_11_42,MW,-12.000540059202024,8,-0.03645308472315325
sub-02,sub-02_11_43,Focus,-12.182449878044618,8,0.00028161031005968914
sub-02,sub-02_11_44,MW,-12.066818975690978,8,-0.02338615472411814
sub-02,sub-02_11_45,Focus,-12.09032246008703,8,0.07543769182502574
sub-02,sub-02_11_46,MW,-11.955323431691166,8,-0.05295574980433499
sub-02,sub-02_11_47,Focus,-12.165658289424872,8,0.009740129237154215
sub-02,sub-02_11_5,Focus,-12.149874011874292,8,-0.017726176025993468
sub-02,sub-02_11_6,MW,-12.138904098722548,8,-0.09348623577931196
sub-02,sub-02_11_7,Focus,-12.066647633431993,8,-0.004095915124892073
sub-02,sub-02_11_8,MW,-12.057240899416522,8,-0.004968208207814347
sub-02,sub-02_11_9,Focus,-12.164721270408336,8,-0.036778126799293494
sub-02,sub-02_1_0,Focus,-11.962824955257826,8,-0.3062154207432736
sub-02,sub-02_1_1,Focus,-12.17271058992553,8,-0.05441861899304742
sub-02,sub-02_1_10,MW,-12.19222975151278,8,-0.029246402087550374
sub-02,sub-02_1_11,Focus,-12.286193116110736,8,0.05040962914990214
sub-02,sub-02_1_12,MW,-12.141708003913616,8,-0.0657980134449632
sub-02,sub-02_1_13,Focus,-12.25378848437518,8,0.04513264246250953
sub-02,sub-02_1_14,MW,-12.071487935036071,8,-0.018976148214113073
sub-02,sub-02_1_15,Focus,-11.58952713562376,8,0.16723043586277497
sub-02,sub-02_1_16,Focus,-12.165388241523544,8,-0.01391243338425364
sub-02,sub-02_1_17,MW,-12.134714766730774,8,0.05373392719244145
sub-02,sub-02_1_18,Focus,-12.141552873390253,8,0.027202144745892068
sub-02,sub-02_1_19,MW,-12.125355955835042,8,0.04163187227969397
sub-02,sub-02_1_2,Focus,-12.210658038837224,8,0.002621026243128305
sub-02,sub-02_1_20,Focus,-12.140704582888523,8,-0.013760919485463648
sub-02,sub-02_1_21,MW,-12.137415981171529,8,0.04791130141328344
sub-02,sub-02_1_22,Focus,-12.1554314398036,8,0.05237830790640787
sub-02,sub-02_1_23,MW,-12.104483055679946,8,-0.052417638250098264
sub-02,sub-02_1_24,Focus,-12.296832511783844,8,0.07723925510721955
sub-02,sub-02_1_25,MW,-11.947320533699033,8,0.13351976835137544
sub-02,sub-02_1_26,Focus,-12.209467047893847,8,-0.05516156380971039
sub-02,sub-02_1_27,MW,-12.052009882084345,8,-0.023805557320807108
sub-02,sub-02_1_28,Focus,-12.179478854619607,8,-0.015346545998598617
sub-02,sub-02_1_29,MW,-12.122574172860368,8,0.002736837507945134
sub-02,sub-02_1_3,Focus,-11.943167019993439,8,0.21496553472363325
sub-02,sub-02_1_30,Focus,-12.146028799599835,8,0.0265674682906105
sub-02,sub-02_1_31,MW,-12.051941166421644,8,0.03961376887141112
sub-02,sub-02_1_32,Focus,-12.195183727646713,8,0.029874179299240838
sub-02,sub-02_1_33,MW,-11.993179340116116,8,-0.10325285576577331
sub-02,sub-02_1_34,MW,-12.026229223531857,8,-0.0381886867169367
sub-02,sub-02_1_35,Focus,-12.210868339302223,8,-0.03595067034035245
sub-02,sub-02_1_36,MW,-12.04554385647171,8,-0.09668421694927168
sub-02,sub-02_1_37,Focus,-11.969935001935337,8,0.30260854278329047
sub-02,sub-02_1_38,Focus,-11.830378311881615,8,-0.1338180674712347
sub-02,sub-02_1_4,MW,-12.195242792413422,8,8.872568808989481e-05
sub-02,sub-02_1_5,Focus,-12.22092250066375,8,-0.06361312278305634
sub-02,sub-02_1_6,MW,-12.16941808306072,8,0.0530538373954552
sub-02,sub-02_1_7,Focus,-12.232574738980338,8,0.02317024709638904
sub-02,sub-02_1_8,MW,-12.178841998424488,8,0.042186118448333275
sub-02,sub-02_1_9,Focus,-12.187048390720976,8,-0.007750278703871772
sub-02,sub-02_2_0,Focus,-11.802984148700288,8,-0.17378010794224164
sub-02,sub-02_2_1,Focus,-11.966404455483556,8,-0.04590849757038287
sub-02,sub-02_2_10,Focus,-11.961531733733047,8,0.019424549657157748
sub-02,sub-02_2_11,MW,-12.02236744615125,8,-0.05411651226525578
sub-02,sub-02_2_12,Focus,-11.995288267360126,8,-0.03871268554577967
sub-02,sub-02_2_13,MW,-12.0951542149745,8,0.014962319228063289
sub-02,sub-02_2_14,Focus,-12.105062482801404,8,-0.03802829870309179
sub-02,sub-02_2_15,MW,-12.096616709284504,8,0.007933212574821151
sub-02,sub-02_2_16,Focus,-12.043374914793574,8,0.015307242875057999
sub-02,sub-02_2_17,MW,-12.142420066378865,8,0.06872684829443464
sub-02,sub-02_2_18,Focus,-12.165408305387324,8,0.053689518569762736
sub-02,sub-02_2_19,MW,-12.113074040644467,8,0.07416851696515386
sub-02,sub-02_2_2,Focus,-11.99970938125027,8,-0.01566868570889071
sub-02,sub-02_2_20,Focus,-12.202052875190073,8,-0.05804729795195707
sub-02,sub-02_2_21,MW,-12.075618280765232,8,-0.028318329077136273
sub-02,sub-02_2_22,Focus,-12.137170671085748,8,-0.01937859356245091
sub-02,sub-02_2_23,MW,-11.894801304099143,8,-0.03781096205740238
sub-02,sub-02_2_24,Focus,-12.19824815237185,8,-0.010424230404323475
sub-02,sub-02_2_25,MW,-12.001707006821334,8,-0.0336254622120344
sub-02,sub-02_2_26,Focus,-12.173837193007099,8,-0.0253101832012478
sub-02,sub-02_2_27,Focus,-11.6747539653881,8,-0.2818958456384598
sub-02,sub-02_2_3,Focus,-12.028181536254033,8,0.02935119668312032
sub-02,sub-02_2_4,MW,-12.026360884956361,8,-0.012206572682528704
sub-02,sub-02_2_5,Focus,-11.983207306348987,8,0.005758148489567064
sub-02,sub-02_2_6,MW,-12.048536706432998,8,-0.03687062293879561
sub-02,sub-02_2_7,Focus,-12.10996297314152,8,0.028280418555167122
sub-02,sub-02_2_8,MW,-11.999353915278977,8,0.11548712953070465
sub-02,sub-02_2_9,Focus,-11.803861390904693,8,0.05220914149617758
sub-02,sub-02_3_0,Focus,-11.9981910342901,8,-0.04837045412135244
sub-02,sub-02_3_1,Focus,-12.003203869512108,8,-0.04059291077877065
sub-02,sub-02_3_10,MW,-11.921968552096917,8,0.16163555220043044
sub-02,sub-02_3_11,Focus,-12.016767635960292,8,0.024953777177612678
sub-02,sub-02_3_12,MW,-12.116935323949676,8,0.02366202713010155
sub-02,sub-02_3_13,Focus,-12.0749894947086,8,-0.03862358486392417
sub-02,sub-02_3_14,MW,-12.035482687385883,8,-0.042962904765204965
sub-02,sub-02_3_15,Focus,-12.052345113259719,8,0.1040531463149288
sub-02,sub-02_3_16,MW,-12.108551410216364,8,-0.005550815284643588
sub-02,sub-02_3_17,Focus,-12.047759509863232,8,-0.022984296472323664
sub-02,sub-02_3_18,MW,-11.953434964367741,8,-0.08746855621832972
sub-02,sub-02_3_19,Focus,-12.158959441757549,8,0.04545087686153599
sub-02,sub-02_3_2,Focus,-12.029136141467825,8,0.018966589514209497
sub-02,sub-02_3_20,MW,-11.909084194868646,8,-0.05964945532831622
sub-02,sub-02_3_21,Focus,-12.104209682754961,8,-0.002157068046975063
sub-02,sub-02_3_22,MW,-11.89429062951043,8,0.08856532888221873
sub-02,sub-02_3_23,Focus,-11.999015203602296,8,0.009710898409867583
sub-02,sub-02_3_24,MW,-11.980320848302993,8,0.053213293932020136
sub-02,sub-02_3_25,Focus,-12.0885602546922,8,0.0489061158894995
sub-02,sub-02_3_26,MW,-11.915638280802295,8,0.03467294190081949
sub-02,sub-02_3_27,Focus,-12.109864399947794,8,-0.04633980457503264
sub-02,sub-02_3_28,Focus,-12.13217210612244,8,0.0188235583136853
sub-02,sub-02_3_29,MW,-11.9248074384027,8,-0.036647571378094615
sub-02,sub-02_3_3,Focus,-12.036248748332808,8,-0.024667766161043738
sub-02,sub-02_3_30,Focus,-12.170727839138292,8,0.038520846953419695
sub-02,sub-02_3_31,MW,-11.995975109930836,8,0.05161676457185823
sub-02,sub-02_3_32,Focus,-12.151547784875545,8,0.04432351474616223
sub-02,sub-02_3_33,Focus,-11.529720324586222,8,-0.10109918493864813
sub-02,sub-02_3_4,MW,-11.993572637211116,8,0.038800592705549655
sub-02,sub-02_3_5,Focus,-12.05840844279863,8,-0.06793684816935329
sub-02,sub-02_3_6,MW,-12.056586508492122,8,-0.02855444975643625
sub-02,sub-02_3_7,Focus,-11.993190608004696,8,0.0361158507531257
sub-02,sub-02_3_8,MW,-12.054736247229503,8,0.03301170097019985
sub-02,sub-02_3_9,Focus,-12.068011681328361,8,-0.009453241903454259
sub-02,sub-02_4_0,Focus,-12.136371302618599,8,-0.06852706582801628
sub-02,sub-02_4_1,Focus,-12.158210989710224,8,-0.03694581780438498
sub-02,sub-02_4_10,Focus,-12.235094649333012,8,0.016863216984793834
sub-02,sub-02_4_11,MW,-12.016938165375802,8,0.2666678885713261
sub-02,sub-02_4_12,Focus,-12.121854059533034,8,-0.05581349424640509
sub-02,sub-02_4_13,MW,-12.1732367190656,8,-0.01963843980387425
sub-02,sub-02_4_14,Focus,-12.178054552232318,8,-0.007332785314637085
sub-02,sub-02_4_15,MW,-12.217150962315738,8,-0.0031373383113996365
sub-02,sub-02_4_16,Focus,-12.181942382727923,8,0.013333529471481333
sub-02,sub-02_4_17,MW,-12.135810287973934,8,0.03176145910611345
sub-02,sub-02_4_18,Focus,-12.124696056336116,8,-0.041284324815947605
sub-02,sub-02_4_19,MW,-12.234807430771873,8,0.015824850090329586
sub-02,sub-02_4_2,Focus,-12.203345941260814,8,0.024032303221912594
sub-02,sub-02_4_20,Focus,-12.0815465004215,8,0.0853995350339344
sub-02,sub-02_4_21,MW,-12.261641370206938,8,0.06345703837295351
sub-02,sub-02_4_22,Focus,-12.240245790594477,8,0.003105778536450776
sub-02,sub-02_4_23,MW,-12.168524966941932,8,-0.07013829729190656
sub-02,sub-02_4_24,Focus,-12.115458148339075,8,-0.01988850172125179
sub-02,sub-02_4_25,MW,-12.166317983985735,8,0.024334327088688247
sub-02,sub-02_4_26,Focus,-12.24995176540934,8,-0.013900200632483931
sub-02,sub-02_4_27,MW,-12.214138818050596,8,-0.002859653845745997
sub-02,sub-02_4_28,Focus,-12.14944500559263,8,-0.049706691312804245
sub-02,sub-02_4_29,MW,-12.135570636741988,8,-0.06951913748520762
sub-02,sub-02_4_3,Focus,-12.099742389498655,8,0.058955150501885906
sub-02,sub-02_4_30,Focus,-12.217429129779903,8,0.0014361029557130982
sub-02,sub-02_4_31,Focus,-12.11212067489297,8,-0.2448259174408488
sub-02,sub-02_4_4,MW,-12.115752634755314,8,0.07461594593686002
sub-02,sub-02_4_5,Focus,-11.612719630807728,8,-0.38408282941418714
sub-02,sub-02_4_6,Focus,-12.192884571872302,8,0.06972593687551767
sub-02,sub-02_4_7,MW,-12.178396302386325,8,0.038943080596391844
sub-02,sub-02_4_8,Focus,-12.165400545702465,8,0.01067482960050245
sub-02,sub-02_4_9,MW,-12.248543724658562,8,-0.007877563473946716
sub-02,sub-02_5_0,Focus,-11.985508313977071,8,0.01004266145949725
sub-02,sub-02_5_1,Focus,-11.990467324401028,8,-0.08131591278704502
sub-02,sub-02_5_10,MW,-11.905081800196498,8,0.057872821117070955
sub-02,sub-02_5_11,Focus,-12.106572676924063,8,-0.04255320249507878
sub-02,sub-02_5_12,MW,-12.010606295553558,8,0.009632288659390595
sub-02,sub-02_5_13,Focus,-12.052099257732841,8,-0.002478227929548713
sub-02,sub-02_5_14,MW,-11.943353185779007,8,0.06332682332133996
sub-02,sub-02_5_15,Focus,-12.111203069290255,8,-0.04827122921921843
sub-02,sub-02_5_16,MW,-11.929081375878368,8,0.01450546266683657
sub-02,sub-02_5_17,Focus,-12.108215348600346,8,-0.01517677421406288
sub-02,sub-02_5_18,MW,-11.93968916266679,8,-0.0973532402741954
sub-02,sub-02_5_19,Focus,-12.07805552286764,8,-0.010948312751894269
sub-02,sub-02_5_2,Focus,-12.09963020985702,8,-0.08858047823195563
sub-02,sub-02_5_20,MW,-11.85875991953468,8,-0.032235537192903875
sub-02,sub-02_5_21,Focus,-12.11020200974586,8,-0.0007803978188194966
sub-02,sub-02_5_22,MW,-12.038811465840352,8,0.026719844358613774
sub-02,sub-02_5_23,MW,-11.92353967946002,8,-0.043232439802223854
sub-02,sub-02_5_24,Focus,-11.93717020172268,8,-0.1445046851608356
sub-02,sub-02_5_25,MW,-11.996862292901138,8,-0.06427028372527617
sub-02,sub-02_5_26,Focus,-12.125829669249185,8,0.009119282387190873
sub-02,sub-02_5_27,MW,-11.944784829173448,8,-0.03770541983851459
sub-02,sub-02_5_28,Focus,-12.097927797165955,8,0.05541694306381116
sub-02,sub-02_5_29,MW,-11.976607492658829,8,-0.006010872216580493
sub-02,sub-02_5_3,Focus,-12.063466705922504,8,-0.0020483591666494235
sub-02,sub-02_5_30,Focus,-12.13115261628926,8,0.05190743168136571
sub-02,sub-02_5_31,MW,-11.997381645329689,8,-0.13860380664343389
sub-02,sub-02_5_32,Focus,-11.994315786595289,8,-0.1268619129372878
sub-02,sub-02_5_33,MW,-11.952588677420692,8,-0.03778368368087925
sub-02,sub-02_5_34,Focus,-12.174376721590374,8,0.004878676923476335
sub-02,sub-02_5_35,Focus,-11.951794664379452,8,-0.1510166019061025
sub-02,sub-02_5_4,MW,-11.984424782483096,8,-0.03707735829854988
sub-02,sub-02_5_5,Focus,-11.988917733291318,8,0.019859787433380773
sub-02,sub-02_5_6,MW,-12.011083345391128,8,0.002107993525211908
sub-02,sub-02_5_7,Focus,-12.096073895484732,8,0.01208917258376892
sub-02,sub-02_5_8,MW,-12.00407914262642,8,-0.07323338885465708
sub-02,sub-02_5_9,Focus,-12.11055576524197,8,-0.0010163899858132107
sub-02,sub-02_6_0,Focus,-12.1807269663864,8,0.005580504742033341
sub-02,sub-02_6_1,Focus,-12.137647899360665,8,-0.007263075055469321
sub-02,sub-02_6_10,MW,-12.12651073294094,8,0.009691206203281918
sub-02,sub-02_6_11,Focus,-12.155839234516622,8,0.0067667734781780235
sub-02,sub-02_6_12,MW,-12.160391174522088,8,-0.08906962487430505
sub-02,sub-02_6_13,Focus,-12.079833413299486,8,0.0369255654508523
sub-02,sub-02_6_14,MW,-12.164626147716053,8,0.0061905005621004485
sub-02,sub-02_6_15,Focus,-12.126195275991089,8,0.03169752615963422
sub-02,sub-02_6_16,MW,-12.078226576794485,8,0.07603737455068042
sub-02,sub-02_6_17,Focus,-12.193032392583612,8,-0.04764742164631609
sub-02,sub-02_6_18,MW,-12.208768110262843,8,-0.04496297691236024
sub-02,sub-02_6_19,Focus,-12.128207302235849,8,0.005064205232603098
sub-02,sub-02_6_2,Focus,-12.123595004379512,8,0.10807629459603275
sub-02,sub-02_6_20,MW,-12.173344864084084,8,0.04474372383666887
sub-02,sub-02_6_21,Focus,-12.231696311502763,8,0.04922628607911187
sub-02,sub-02_6_22,MW,-12.134167727373434,8,-0.06946452794925609
sub-02,sub-02_6_23,Focus,-12.257197341429457,8,0.026122450943677336
sub-02,sub-02_6_24,MW,-12.162784119129572,8,-0.018864216091679795
sub-02,sub-02_6_25,Focus,-12.163818917497359,8,-0.022618287535601123
sub-02,sub-02_6_26,MW,-12.166082692024318,8,-0.040755647787986515
sub-02,sub-02_6_27,Focus,-12.186409638415956,8,0.0845525458404898
sub-02,sub-02_6_28,MW,-12.208693658110514,8,0.04067691716054571
sub-02,sub-02_6_29,Focus,-12.180525461030875,8,-0.07010236459470076
sub-02,sub-02_6_3,Focus,-12.089816920225323,8,-0.019002583242978335
sub-02,sub-02_6_30,MW,-12.142676962895722,8,0.01952873593670525
sub-02,sub-02_6_31,Focus,-12.164615069927837,8,0.05636201440755401
sub-02,sub-02_6_32,MW,-12.16153040943497,8,0.03279084082546904
sub-02,sub-02_6_33,Focus,-12.246621824192808,8,0.0660087434980964
sub-02,sub-02_6_34,MW,-12.23102394610127,8,0.022848600161079716
sub-02,sub-02_6_35,Focus,-12.166617686742672,8,-0.006283727659912439
sub-02,sub-02_6_36,MW,-12.173942055822895,8,-0.028677963621171823
sub-02,sub-02_6_37,Focus,-12.164372939619911,8,0.04936379269566725
sub-02,sub-02_6_38,MW,-12.203633024929898,8,-0.010643505627948947
sub-02,sub-02_6_39,Focus,-12.138171501971126,8,0.020154968150487212
sub-02,sub-02_6_4,MW,-12.190300510754554,8,0.07479983616557882
sub-02,sub-02_6_40,MW,-12.074363074353556,8,0.06912177314142044
sub-02,sub-02_6_41,Focus,-12.208697965667005,8,-0.03404755458845529
sub-02,sub-02_6_42,MW,-12.165955886671146,8,0.016915048392398376
sub-02,sub-02_6_43,Focus,-11.982458761263873,8,0.02739033046385964
sub-02,sub-02_6_44,Focus,-12.023040983066302,8,-0.06273073031075034
sub-02,sub-02_6_5,Focus,-12.140646338802732,8,-0.003457017608224596
sub-02,sub-02_6_6,MW,-12.10939576530231,8,-0.07616328247414596
sub-02,sub-02_6_7,Focus,-12.189596032481884,8,0.05358019145661302
sub-02,sub-02_6_8,MW,-12.087053638684562,8,-0.0438361992111178
sub-02,sub-02_6_9,Focus,-12.20252234859622,8,-0.0009975665274935819
sub-02,sub-02_7_0,Focus,-11.868337694846407,8,-0.07875963946941376
sub-02,sub-02_7_1,Focus,-11.910264702881463,8,0.02034848099224954
sub-02,sub-02_7_10,MW,-11.986587662110848,8,0.048405536487196976
sub-02,sub-02_7_11,Focus,-12.04535887567685,8,-0.03388799684552733
sub-02,sub-02_7_12,MW,-11.993513007678946,8,-0.002908803959833752
sub-02,sub-02_7_13,Focus,-12.003459223831744,8,-0.07180804106347721
sub-02,sub-02_7_14,MW,-12.024523691444069,8,-0.015994672264505502
sub-02,sub-02_7_15,Focus,-12.075009524066314,8,0.0002037021070070884
sub-02,sub-02_7_16,MW,-12.053514645209164,8,-0.025009473942323737
sub-02,sub-02_7_17,Focus,-12.016751713998872,8,0.056042700687788057
sub-02,sub-02_7_18,MW,-11.82481925541871,8,-0.2038854428704075
sub-02,sub-02_7_19,Focus,-12.02739798361781,8,-0.028052384490588885
sub-02,sub-02_7_2,Focus,-11.917397232080798,8,-0.0012216216680684326
sub-02,sub-02_7_20,MW,-11.94728625932505,8,0.06694821063789794
sub-02,sub-02_7_21,Focus,-11.944321210834623,8,-0.030641232461418654
sub-02,sub-02_7_22,MW,-11.92515245453998,8,0.01944153806104334
sub-02,sub-02_7_23,Focus,-12.095220518329509,8,-0.01709906660560364
sub-02,sub-02_7_24,MW,-12.044138538488209,8,0.07221203318774505
sub-02,sub-02_7_25,Focus,-11.943739445755819,8,0.001959852464472702
sub-02,sub-02_7_26,MW,-12.030171409013267,8,-0.06047533075485852
sub-02,sub-02_7_27,Focus,-12.039130696592181,8,-0.013470309269715968
sub-02,sub-02_7_28,MW,-12.106403908796072,8,-0.016770131932794096
sub-02,sub-02_7_29,Focus,-12.021493193883675,8,0.010530895984097309
sub-02,sub-02_7_3,Focus,-12.008755411049279,8,0.03785795405370939
sub-02,sub-02_7_30,MW,-12.02004868700643,8,0.029170825526287268
sub-02,sub-02_7_31,Focus,-12.070382381731507,8,0.03167710106363976
sub-02,sub-02_7_32,MW,-11.88128550698571,8,0.0001788718321434436
sub-02,sub-02_7_33,Focus,-12.102049089980987,8,-0.015489767466340678
sub-02,sub-02_7_34,MW,-12.082378337552116,8,0.002139228247100297
sub-02,sub-02_7_35,Focus,-12.084047784840411,8,-0.08428434186055116
sub-02,sub-02_7_36,MW,-12.101671347871928,8,-0.007398820476962352
sub-02,sub-02_7_37,Focus,-11.999922728479534,8,0.06884728770204256
sub-02,sub-02_7_38,MW,-12.012137426690728,8,0.03107509249683319
sub-02,sub-02_7_39,Focus,-12.125471374529774,8,-0.003391167557931267
sub-02,sub-02_7_4,MW,-11.980530811925197,8,-0.017427609270874306
sub-02,sub-02_7_40,MW,-12.112410314851354,8,-0.021540086292594237
sub-02,sub-02_7_41,Focus,-12.131628054410042,8,-0.05204987692072281
sub-02,sub-02_7_42,Focus,-12.135241743163835,8,0.05451901706026895
sub-02,sub-02_7_5,Focus,-11.867719181862263,8,-0.01769755838052834
sub-02,sub-02_7_6,MW,-12.025895187000687,8,0.007886382882502272
sub-02,sub-02_7_7,Focus,-12.06158371481045,8,0.005293195502217588
sub-02,sub-02_7_8,MW,-11.971887770917524,8,0.06346832644468861
sub-02,sub-02_7_9,Focus,-11.936720797091125,8,-0.06648590419516007
sub-02,sub-02_8_0,Focus,-12.07621814078977,8,-0.19630979637625504
sub-02,sub-02_8_1,Focus,-12.181796518803964,8,0.004314743293110319
sub-02,sub-02_8_10,MW,-12.087941846201991,8,-0.020197379347606712
sub-02,sub-02_8_11,Focus,-12.005809056123603,8,0.017880602498094842
sub-02,sub-02_8_12,MW,-12.118476285741368,8,0.004314870718244745
sub-02,sub-02_8_13,Focus,-12.045096236603458,8,0.11934615062083755
sub-02,sub-02_8_14,MW,-12.162336755105489,8,0.03370021490904532
sub-02,sub-02_8_15,Focus,-12.050847421914533,8,0.03001695447364136
sub-02,sub-02_8_16,MW,-12.152021887282164,8,-0.006680426856985727
sub-02,sub-02_8_17,Focus,-12.128475655145074,8,0.007846357596957487
sub-02,sub-02_8_18,MW,-12.121169237732953,8,0.01562433657955073
sub-02,sub-02_8_19,Focus,-12.159430957146247,8,-0.011453686209106766
sub-02,sub-02_8_2,Focus,-12.170645882433764,8,0.06651125128578776
sub-02,sub-02_8_20,MW,-12.157561089253418,8,-0.004011361537962606
sub-02,sub-02_8_21,Focus,-12.110486580584837,8,-0.00825440012179369
sub-02,sub-02_8_22,MW,-12.078998613477493,8,0.12939274105288115
sub-02,sub-02_8_23,Focus,-12.1195698822847,8,0.04184610551066623
sub-02,sub-02_8_24,MW,-12.149319920581242,8,0.04370240197108308
sub-02,sub-02_8_25,Focus,-12.08724162741148,8,-0.061497373794471094
sub-02,sub-02_8_26,MW,-12.150163063795151,8,-0.026444407218732008
sub-02,sub-02_8_27,Focus,-12.195150127975085,8,0.02064562308809388
sub-02,sub-02_8_28,MW,-12.022032480980512,8,0.08779039545150584
sub-02,sub-02_8_29,Focus,-12.129675207049857,8,-0.0022529531048741825
sub-02,sub-02_8_3,Focus,-12.12002330257171,8,-0.035069391055670265
sub-02,sub-02_8_30,MW,-12.077997064472768,8,0.0003197334304077692
sub-02,sub-02_8_31,Focus,-12.10165104356961,8,0.027854152742304673
sub-02,sub-02_8_32,MW,-12.053789299500878,8,0.08590588523499683
sub-02,sub-02_8_33,Focus,-12.075446777585187,8,0.0034275355134645077
sub-02,sub-02_8_34,MW,-12.22033345281865,8,-0.022778112858537092
sub-02,sub-02_8_35,Focus,-12.155936413122404,8,-0.06799788691413867
sub-02,sub-02_8_36,MW,-12.122572968834245,8,0.13978390787585437
sub-02,sub-02_8_37,Focus,-12.04061616623251,8,-0.12490956421344843
sub-02,sub-02_8_38,Focus,-11.957491175374624,8,-0.04275058520629723
sub-02,sub-02_8_4,MW,-12.174120753355687,8,-0.02112953957397758
sub-02,sub-02_8_5,Focus,-12.112246828925155,8,-0.04609829057626141
sub-02,sub-02_8_6,MW,-12.18196173407945,8,-0.005054460369468653
sub-02,sub-02_8_7,Focus,-12.139420815764677,8,-0.005352765384385097
sub-02,sub-02_8_8,MW,-12.09452283177145,8,0.0023547062218763548
sub-02,sub-02_8_9,Focus,-12.06874594658327,8,-0.033985998080457366
sub-02,sub-02_9_0,Focus,-11.922251134371765,8,-0.03504180789452125
sub-02,sub-02_9_1,Focus,-11.947035436945233,8,-0.09936373850307997
sub-02,sub-02_9_10,MW,-11.805265497681253,8,0.019708843249214132
sub-02,sub-02_9_11,Focus,-12.059670890857046,8,-0.0015767133306611109
sub-02,sub-02_9_12,MW,-11.859869418694611,8,-0.022216092265145482
sub-02,sub-02_9_13,Focus,-12.081672357949582,8,-0.010847786382118009
sub-02,sub-02_9_14,MW,-11.983326004556584,8,0.0059920529325624226
sub-02,sub-02_9_15,Focus,-12.019680449199024,8,-0.010529528703926901
sub-02,sub-02_9_16,MW,-12.09954810658915,8,0.043016539222745766
sub-02,sub-02_9_17,Focus,-12.0378010389929,8,0.020353873269991624
sub-02,sub-02_9_18,MW,-12.126645521413506,8,0.0591235865139827
sub-02,sub-02_9_19,Focus,-12.07915159729726,8,0.017643485643658256
sub-02,sub-02_9_2,Focus,-12.003302675401095,8,0.007921391786682799
sub-02,sub-02_9_20,MW,-12.08039507853758,8,0.0302782647898767
sub-02,sub-02_9_21,Focus,-12.028801769845982,8,0.023816302937170603
sub-02,sub-02_9_22,MW,-12.02783830226345,8,0.04873739363399112
sub-02,sub-02_9_23,Focus,-12.014239360326384,8,0.04866078011944239
sub-02,sub-02_9_24,MW,-11.860771456935222,8,0.03667636163039035
sub-02,sub-02_9_25,Focus,-12.064576360027909,8,0.007838694339358777
sub-02,sub-02_9_26,MW,-12.023027909145215,8,-0.04865474242791909
sub-02,sub-02_9_27,Focus,-11.953833737981856,8,-0.0012071481446798676
sub-02,sub-02_9_28,MW,-11.873597186827622,8,0.014620368112260345
sub-02,sub-02_9_29,Focus,-12.04089296524823,8,0.026250019377676636
sub-02,sub-02_9_3,Focus,-12.048277548384409,8,-0.04130708966326685
sub-02,sub-02_9_30,MW,-12.044809947383472,8,0.01670869694203204
sub-02,sub-02_9_31,Focus,-12.045070058218542,8,-0.04163369783654129
sub-02,sub-02_9_32,Focus,-12.01633988599831,8,0.00899644931448781
sub-02,sub-02_9_4,MW,-12.082890830383038,8,0.019315922305906168
sub-02,sub-02_9_5,Focus,-12.0586334499375,8,0.04722118730752261
sub-02,sub-02_9_6,MW,-11.985853459753796,8,-0.06252045899718887
sub-02,sub-02_9_7,Focus,-12.040156265283493,8,-0.006743442197091445
sub-02,sub-02_9_8,MW,-12.081962128914913,8,-0.036026788252451744
sub-02,sub-02_9_9,Focus,-11.997465708329695,8,0.010920859551072295
